step,q_t,n_transitions,n_correct_states,n_incorrect_states,n_repairs,n_corruptions,pooled_repair_frequency,pooled_corruption_frequency,pooled_proxy_drift,repair_rate,corruption_rate,empirical_utility_drift,conditional_hazard_drift,hazard_mu,empirical_mu,empirical_variance,conditional_empirical_gap,fitted_q_t,fitted_repair_hazard,fitted_corruption_hazard,fitted_hazard_drift,entropy_mean,answer_changed_rate,hidden_shift_mean,confidence_mean,n_examples,e_process_value,delta_t,eb_upper_bound,eb_stop_signal,e_process_threshold,e_process_stop_signal
1,0.3606666666666667,1500,541,959,73,410,0.048666666666666664,0.2733333333333333,-0.27466666666666667,0.07612095933263817,0.7578558225508318,-0.2746666666666666,-0.2746666666666667,-0.2746666666666667,-0.2746666666666666,0.27152488888888476,-1.1102230246251565e-16,0.3251505280075463,0.6210943789981967,0.7536728210657624,0.12242775671107957,0.251160858631134,0.0,0.0,50.0,1500,3.605287780498615e+79,0.03039635509270134,-0.2155250567797598,1,32.89868133696452,1
2,0.136,1500,204,1296,263,87,0.17533333333333334,0.058,0.06733333333333334,0.2029320987654321,0.4264705882352941,0.06733333333333334,0.06733333333333334,0.06733333333333334,0.06733333333333334,0.21956622222222774,0.0,0.1631147304820669,0.552937806457427,0.8661065596987411,0.2772970214305363,0.2625749233737588,0.8206666666666667,66.75788789367675,50.60666666666667,1500,0.0002923713027492248,0.007599088773175335,0.13308194425317751,0,131.5947253478581,0
3,0.25333333333333335,1500,380,1120,429,56,0.286,0.037333333333333336,0.19866666666666666,0.3830357142857143,0.14736842105263157,0.19866666666666666,0.19866666666666666,0.19866666666666666,0.19866666666666666,0.26149822222222713,0.0,0.22841541296123766,0.5306076027654265,0.7893680029093644,0.2164955260614153,0.2446515272433559,0.614,58.69280242602031,54.67666666666667,1500,2.1435568136608463e-08,0.0033773727880779263,0.27447737587551974,0,296.08813203268073,0
4,0.502,1500,753,747,282,40,0.188,0.02666666666666667,0.11133333333333333,0.37751004016064255,0.05312084993359894,0.1113333333333334,0.11133333333333333,0.11133333333333333,0.1113333333333334,0.18863822222222396,-6.938893903907228e-17,0.3856695673778139,0.3971704360749567,0.6418089986161375,0.05050495274896131,0.23344874031593402,0.5146666666666667,58.9486497332255,67.66333333333333,1500,1.3059550047009044e-05,0.0018997721932938337,0.1838306314048986,0,526.3789013914324,0
5,0.6633333333333333,1500,995,505,134,28,0.08933333333333333,0.018666666666666668,0.020666666666666667,0.26534653465346536,0.02814070351758794,0.020666666666666635,0.020666666666666667,0.020666666666666667,0.020666666666666635,0.10300622222222315,3.122502256758253e-17,0.549442308251754,0.26494738907573717,0.4478638535849189,-0.06261806021781287,0.2100407371049126,0.3233333333333333,52.316538667996724,81.182,1500,0.0115029808603733,0.0012158542037080534,0.08466343441567335,0,822.4670334241131,0
6,0.734,1500,1101,399,60,33,0.04,0.022,-0.032,0.15037593984962405,0.02997275204359673,-0.032000000000000035,-0.032,-0.032,-0.032000000000000035,0.06167600000000185,3.469446951953614e-17,0.6373952807342874,0.20391621557667539,0.3063530710447761,-0.07740470655478805,0.1710042280325045,0.16666666666666666,41.44868660704295,87.28133333333334,1500,10094.828747869971,0.0008443431970194816,0.026631288441083888,0,1184.352528130723,1
7,0.752,1500,1128,372,51,12,0.034,0.008,-0.024,0.13709677419354838,0.010638297872340425,-0.02400000000000003,-0.024000000000000007,-0.024000000000000007,-0.02400000000000003,0.04132399999999888,2.42861286636753e-17,0.6786879368671693,0.17452125798486576,0.22410016478878358,-0.06694762318694854,0.1444128214164326,0.09533333333333334,32.546372187932334,89.86266666666667,1500,956.1947641228637,0.0006203337774020681,0.0315560447934206,0,1612.0353855112617,0
8,0.778,1500,1167,333,18,15,0.012,0.01,-0.048,0.05405405405405406,0.012853470437017995,-0.04799999999999996,-0.048,-0.048,-0.04799999999999996,0.02199600000000019,-4.163336342344337e-17,0.7367432409357217,0.12578435487668083,0.14596142985837984,-0.07960388064353585,0.10619334982677049,0.066,27.317147090911867,94.006,1500,1.035653425489782e+17,0.00047494304832345843,0.003023924489315176,0,2105.5156055657294,1
9,0.78,1500,1170,330,17,4,0.011333333333333334,0.0026666666666666666,-0.04133333333333333,0.051515151515151514,0.003418803418803419,-0.04133333333333328,-0.04133333333333333,-0.04133333333333333,-0.04133333333333328,0.013924888888888817,-5.551115123125783e-17,0.7604277759673026,0.11479729402997965,0.10725151376013856,-0.06744689359815179,0.08789654251436389,0.04,22.303915602525077,94.926,1500,857379382627275.2,0.0003752636431197696,0.007529604756423964,0,2664.793188294126,1
