detector,mean_stop_step,mean_stop_utility,mean_oracle_utility,mean_oracle_gap,false_early_rate,false_late_rate,mean_false_late_severity,aggregation_level,group_name,run_name,run_label,family,parameter_count,rank
oracle,3.3708888888888886,0.6630111111111111,0.6630111111111111,0.0,0.0,0.0,0.0,family,Qwen2.5 instruct,,Qwen2.5 instruct,Qwen2.5 instruct,family-average,1
verifier_first_correct,4.845777777777777,0.6017111111111111,0.6630111111111111,0.06129999999999994,0.11511111111111111,0.20599999999999996,1.648,family,Qwen2.5 instruct,,Qwen2.5 instruct,Qwen2.5 instruct,family-average,2
hazard_drift,4.589777777777778,0.42828888888888894,0.6630111111111111,0.2347222222222222,0.13999999999999999,0.6153333333333334,1.5055555555555555,family,Qwen2.5 instruct,,Qwen2.5 instruct,Qwen2.5 instruct,family-average,3
e_process,6.2,0.40111111111111103,0.6630111111111111,0.26189999999999997,0.04377777777777773,0.9075555555555557,2.908,family,Qwen2.5 instruct,,Qwen2.5 instruct,Qwen2.5 instruct,family-average,4
answer_stability,5.204,0.38424444444444444,0.6630111111111111,0.27876666666666666,0.11088888888888888,0.8457777777777777,2.0797777777777777,family,Qwen2.5 instruct,,Qwen2.5 instruct,Qwen2.5 instruct,family-average,5
entropy_plateau,4.053111111111111,0.3746777777777777,0.6630111111111111,0.2883333333333333,0.21111111111111105,0.7086666666666667,1.2546666666666668,family,Qwen2.5 instruct,,Qwen2.5 instruct,Qwen2.5 instruct,family-average,6
empirical_bernstein,9.0,0.28288888888888886,0.6630111111111111,0.38012222222222225,0.005999999999999966,0.9784444444444444,5.635111111111111,family,Qwen2.5 instruct,,Qwen2.5 instruct,Qwen2.5 instruct,family-average,7
never_stop,10.0,0.22688888888888892,0.6630111111111111,0.43612222222222224,0.0,0.9940000000000001,6.629111111111111,family,Qwen2.5 instruct,,Qwen2.5 instruct,Qwen2.5 instruct,family-average,8
first_answer,1.0,0.11511111111111111,0.6630111111111111,0.5478999999999999,1.0,0.0,0.0,family,Qwen2.5 instruct,,Qwen2.5 instruct,Qwen2.5 instruct,family-average,9
oracle,3.927333333333333,0.5642999999999999,0.5642999999999999,0.0,0.0,0.0,0.0,run,qwen2p5_14b,qwen2p5_14b,Qwen 14B,Qwen2.5 instruct,14B,1
verifier_first_correct,6.078666666666667,0.4687333333333333,0.5642999999999999,0.0955666666666666,0.03,0.2773333333333333,2.2186666666666666,run,qwen2p5_14b,qwen2p5_14b,Qwen 14B,Qwen2.5 instruct,14B,2
hazard_drift,5.756666666666667,0.2108333333333333,0.5642999999999999,0.3534666666666667,0.2173333333333333,0.438,2.304666666666667,run,qwen2p5_14b,qwen2p5_14b,Qwen 14B,Qwen2.5 instruct,14B,3
e_process,7.0,0.1653333333333333,0.5642999999999999,0.3989666666666667,0.0806666666666666,0.8533333333333334,3.224666666666667,run,qwen2p5_14b,qwen2p5_14b,Qwen 14B,Qwen2.5 instruct,14B,4
entropy_plateau,4.2,0.13,0.5642999999999999,0.4343,0.3313333333333333,0.6466666666666666,1.312,run,qwen2p5_14b,qwen2p5_14b,Qwen 14B,Qwen2.5 instruct,14B,5
answer_stability,7.227333333333333,0.1019666666666666,0.5642999999999999,0.4623333333333333,0.116,0.8553333333333333,3.6086666666666662,run,qwen2p5_14b,qwen2p5_14b,Qwen 14B,Qwen2.5 instruct,14B,6
empirical_bernstein,9.0,0.0733333333333333,0.5642999999999999,0.4909666666666667,0.0153333333333333,0.944,5.088,run,qwen2p5_14b,qwen2p5_14b,Qwen 14B,Qwen2.5 instruct,14B,7
first_answer,1.0,0.03,0.5642999999999999,0.5343,1.0,0.0,0.0,run,qwen2p5_14b,qwen2p5_14b,Qwen 14B,Qwen2.5 instruct,14B,8
never_stop,10.0,-0.0033333333333333,0.5642999999999999,0.5676333333333333,0.0,0.9846666666666668,6.072666666666667,run,qwen2p5_14b,qwen2p5_14b,Qwen 14B,Qwen2.5 instruct,14B,9
oracle,3.328,0.7816000000000001,0.7816000000000001,0.0,0.0,0.0,0.0,run,qwen2p5_32b,qwen2p5_32b,Qwen 32B,Qwen2.5 instruct,32B,1
verifier_first_correct,4.0793333333333335,0.7440333333333333,0.7816000000000001,0.0375666666666666,0.0413333333333333,0.102,0.816,run,qwen2p5_32b,qwen2p5_32b,Qwen 32B,Qwen2.5 instruct,32B,2
hazard_drift,4.1706666666666665,0.5981333333333334,0.7816000000000001,0.1834666666666666,0.11,0.7833333333333333,1.05,run,qwen2p5_32b,qwen2p5_32b,Qwen 32B,Qwen2.5 instruct,32B,3
e_process,6.0,0.5926666666666667,0.7816000000000001,0.1889333333333333,0.0186666666666666,0.9406666666666668,2.7006666666666668,run,qwen2p5_32b,qwen2p5_32b,Qwen 32B,Qwen2.5 instruct,32B,4
answer_stability,4.000666666666667,0.5619666666666667,0.7816000000000001,0.2196333333333333,0.166,0.79,1.022,run,qwen2p5_32b,qwen2p5_32b,Qwen 32B,Qwen2.5 instruct,32B,5
entropy_plateau,4.172666666666666,0.5547,0.7816000000000001,0.2269,0.1673333333333333,0.788,1.216,run,qwen2p5_32b,qwen2p5_32b,Qwen 32B,Qwen2.5 instruct,32B,6
empirical_bernstein,9.0,0.4726666666666667,0.7816000000000001,0.3089333333333333,0.0,0.9973333333333332,5.672,run,qwen2p5_32b,qwen2p5_32b,Qwen 32B,Qwen2.5 instruct,32B,7
never_stop,10.0,0.4286666666666667,0.7816000000000001,0.3529333333333333,0.0,1.0,6.672,run,qwen2p5_32b,qwen2p5_32b,Qwen 32B,Qwen2.5 instruct,32B,8
first_answer,1.0,0.0413333333333333,0.7816000000000001,0.7402666666666667,1.0,0.0,0.0,run,qwen2p5_32b,qwen2p5_32b,Qwen 32B,Qwen2.5 instruct,32B,9
oracle,2.857333333333333,0.6431333333333333,0.6431333333333333,0.0,0.0,0.0,0.0,run,qwen2p5_7b,qwen2p5_7b,Qwen 7B,Qwen2.5 instruct,7B,1
verifier_first_correct,4.379333333333333,0.5923666666666666,0.6431333333333333,0.0507666666666666,0.274,0.2386666666666666,1.909333333333333,run,qwen2p5_7b,qwen2p5_7b,Qwen 7B,Qwen2.5 instruct,7B,2
answer_stability,4.384,0.4888,0.6431333333333333,0.1543333333333333,0.0506666666666666,0.892,1.6086666666666667,run,qwen2p5_7b,qwen2p5_7b,Qwen 7B,Qwen2.5 instruct,7B,3
hazard_drift,3.842,0.4759,0.6431333333333333,0.1672333333333333,0.0926666666666666,0.6246666666666667,1.162,run,qwen2p5_7b,qwen2p5_7b,Qwen 7B,Qwen2.5 instruct,7B,4
e_process,5.6,0.4453333333333333,0.6431333333333333,0.1978,0.032,0.9286666666666666,2.798666666666666,run,qwen2p5_7b,qwen2p5_7b,Qwen 7B,Qwen2.5 instruct,7B,5
entropy_plateau,3.786666666666666,0.4393333333333333,0.6431333333333333,0.2037999999999999,0.1346666666666666,0.6913333333333334,1.236,run,qwen2p5_7b,qwen2p5_7b,Qwen 7B,Qwen2.5 instruct,7B,6
empirical_bernstein,9.0,0.3026666666666666,0.6431333333333333,0.3404666666666667,0.0026666666666666,0.994,6.145333333333333,run,qwen2p5_7b,qwen2p5_7b,Qwen 7B,Qwen2.5 instruct,7B,7
first_answer,1.0,0.274,0.6431333333333333,0.3691333333333333,1.0,0.0,0.0,run,qwen2p5_7b,qwen2p5_7b,Qwen 7B,Qwen2.5 instruct,7B,8
never_stop,10.0,0.2553333333333333,0.6431333333333333,0.3878,0.0,0.9973333333333332,7.142666666666667,run,qwen2p5_7b,qwen2p5_7b,Qwen 7B,Qwen2.5 instruct,7B,9
