model_alias,dataset,parameter_count,step1_accuracy,peak_accuracy,peak_step,corrected_boundary_step,empirical_boundary_step,fitted_boundary_step,max_steps,repair_rate_overall,corruption_rate_overall,probe_auc,late_boundary_assessment,capability_gate_met
deepseek_r1_distill_1p5b,gsm8k,1.5B,0.3113333333333333,0.36,9,2.0,2.0,2.0,10,0.2230625224062088,0.4306933143994432,0.7016584671505549,No late-boundary replication,True
deepseek_r1_distill_7b,gsm8k,7B,0.478,0.546,6,2.0,2.0,4.0,10,0.3636361833867449,0.3499408911673017,0.7535027265047751,No late-boundary replication,True
qwen2p5_0p5b,gsm8k,0.5B,0.074,0.0813333333333333,5,2.0,2.0,2.0,10,0.0044909591764806,0.040427368936917,0.5787045752194593,No late-boundary replication,False
qwen2p5_3b,gsm8k,3B,0.0533333333333333,0.504,10,4.0,4.0,4.0,10,0.0907285295293372,0.0830497375065064,0.7086537371719103,Weakened late-boundary support,True
qwen2p5_7b,gsm8k,7B,0.274,0.7053333333333334,10,5.0,5.0,5.0,10,0.1213540334291769,0.0634224213554613,0.752502941201943,Late-boundary replication,True
qwen2p5_14b,gsm8k,14B,0.03,0.4733333333333333,9,5.0,5.0,6.0,10,0.1427189824364064,0.257685179548099,0.9122001197510544,Late-boundary replication,True
qwen2p5_32b,gsm8k,32B,0.0413333333333333,0.8786666666666667,10,5.0,5.0,5.0,10,0.2187990796850994,0.0610611410608964,0.8345604985914064,Late-boundary replication,True
mistral_7b_instruct_v0p3,gsm8k,7B,0.304,0.3206666666666666,10,3.0,3.0,4.0,10,0.0525694584500451,0.1339030342351708,0.6504274166193997,Weakened late-boundary support,True
phi_4_mini_instruct,gsm8k,4B,0.3333333333333333,0.3413333333333333,10,2.0,2.0,3.0,10,0.1589269274023559,0.3426736214184104,0.6521386690965323,No late-boundary replication,True
internlm3_8b_instruct,gsm8k,8B,0.2706666666666666,0.6806666666666666,9,4.0,4.0,4.0,10,0.1073310491444749,0.0243437310301122,0.6942456890587786,Weakened late-boundary support,True
yi_1p5_9b_chat,gsm8k,9B,0.0953333333333333,0.3806666666666666,10,3.0,3.0,4.0,10,0.1000842708137827,0.1549920134120285,0.6922575375149184,Weakened late-boundary support,True
mistral_small_24b_2409,gsm8k,22B,0.014,0.7246666666666667,10,6.0,6.0,5.0,10,0.2024856706971179,0.2266178146563522,0.8245684748927261,Late-boundary replication,True
llama_3p1_8b_instruct,gsm8k,8B,0.0113333333333333,0.4746666666666667,10,5.0,5.0,4.0,10,0.1162423906689906,0.181692170790015,0.7434667723230657,Late-boundary replication,True
deepseek_r1_distill_1p5b,math,1.5B,0.0433333333333333,0.054,13,2.0,2.0,2.0,14,0.0317841719313506,0.6610654996349735,0.6079804709127079,No late-boundary replication,True
deepseek_r1_distill_7b,math,7B,0.0866666666666666,0.1193333333333333,4,2.0,2.0,3.0,14,0.0581532936781887,0.5520479331097835,0.6057827105263158,No late-boundary replication,True
qwen2p5_0p5b,math,0.5B,0.0513333333333333,0.0573333333333333,4,2.0,2.0,3.0,14,0.0022223262389773,0.0328021564775182,0.6316573019426373,No late-boundary replication,False
qwen2p5_3b,math,3B,0.044,0.172,14,2.0,2.0,7.0,14,0.0207144747148383,0.0915098318739437,0.7281088836705701,No late-boundary replication,True
qwen2p5_7b,math,7B,0.1093333333333333,0.3893333333333333,13,5.0,5.0,5.0,14,0.0424829837305445,0.0820377961271257,0.8201989558346268,Late-boundary replication,True
qwen2p5_14b,math,14B,0.0646666666666666,0.31,14,2.0,2.0,,14,0.0488353704364498,0.1419749877885495,0.8964863837626391,No late-boundary replication,True
qwen2p5_32b,math,32B,0.088,0.5853333333333334,14,6.0,6.0,6.0,14,0.0657435420058624,0.0210041731456611,0.8185510284267692,Late-boundary replication,True
mistral_7b_instruct_v0p3,math,7B,0.0733333333333333,0.0733333333333333,1,2.0,2.0,5.0,14,0.0087499035046873,0.1422820731975716,0.7097276584888599,No late-boundary replication,False
phi_4_mini_instruct,math,4B,0.0886666666666666,0.1373333333333333,10,2.0,2.0,6.0,14,0.0593624842097944,0.4521030717657044,0.7356490122096889,No late-boundary replication,True
internlm3_8b_instruct,math,8B,0.112,0.254,14,2.0,2.0,6.0,14,0.0272061622022927,0.0588373332372412,0.7463157624959211,No late-boundary replication,True
yi_1p5_9b_chat,math,9B,0.1167444963308872,0.1554369579719813,14,2.0,2.0,6.0,14,0.0232495881479023,0.1248293186825198,0.7044308504254593,No late-boundary replication,True
mistral_small_24b_2409,math,22B,0.02,0.3113333333333333,14,2.0,2.0,10.0,14,0.0394980282439444,0.1046634641922014,0.8146457044262266,No late-boundary replication,True
llama_3p1_8b_instruct,math,8B,0.0286666666666666,0.2113333333333333,14,2.0,2.0,7.0,14,0.0370951958734968,0.1404525755016624,0.7496393515428994,No late-boundary replication,True
deepseek_r1_distill_1p5b,arc,1.5B,0.2606666666666666,0.2853333333333333,8,2.0,2.0,2.0,8,0.1734580621162785,0.4576447304931886,0.5565922634769844,No late-boundary replication,True
deepseek_r1_distill_7b,arc,7B,0.356,0.5446666666666666,5,2.0,2.0,3.0,8,0.3232860628735312,0.290666011155433,0.7316135315080863,No late-boundary replication,True
qwen2p5_0p5b,arc,0.5B,0.3873333333333333,0.3986666666666666,6,2.0,2.0,2.0,8,0.0531786404654315,0.0796114833700162,0.5266098285804302,No late-boundary replication,True
qwen2p5_3b,arc,3B,0.71,0.71,1,2.0,2.0,2.0,8,0.092848580221604,0.0452886724872079,0.6626198572961477,No late-boundary replication,True
qwen2p5_7b,arc,7B,0.872,0.904,5,2.0,2.0,3.0,8,0.0763472731637364,0.005183748663644,0.64246224749268,No late-boundary replication,True
qwen2p5_14b,arc,14B,0.934,0.9433333333333334,3,2.0,2.0,3.0,8,0.0470601012057811,0.0019272871342182,0.6791105178457815,No late-boundary replication,True
qwen2p5_32b,arc,32B,0.9053333333333332,0.9566666666666668,6,2.0,2.0,4.0,8,0.1161293949137288,0.0014267879883084,0.6944708923076923,No late-boundary replication,True
mistral_7b_instruct_v0p3,arc,7B,0.7233333333333334,0.7233333333333334,1,2.0,2.0,2.0,8,0.0968911001942832,0.046263604203845,0.6600731985873726,No late-boundary replication,True
phi_4_mini_instruct,arc,4B,0.6146666666666667,0.7086666666666667,6,2.0,2.0,2.0,8,0.414438282060288,0.1861628336555619,0.7468368394800928,No late-boundary replication,True
internlm3_8b_instruct,arc,8B,0.8833333333333333,0.896,7,2.0,2.0,2.0,8,0.050532909794448,0.0044069433549171,0.6098504672897196,No late-boundary replication,True
yi_1p5_9b_chat,arc,9B,0.814,0.8166666666666667,2,2.0,2.0,2.0,8,0.1286923297886674,0.0319294300738617,0.6754956102683929,No late-boundary replication,True
mistral_small_24b_2409,arc,22B,0.536,0.8906666666666667,8,3.0,3.0,3.0,8,0.2347409911195712,0.015879900830523,0.7761629616970755,Weakened late-boundary support,True
llama_3p1_8b_instruct,arc,8B,0.5833333333333334,0.772,7,2.0,2.0,2.0,8,0.2629403159780478,0.0666688805918709,0.7481250976676291,No late-boundary replication,True
deepseek_r1_distill_1p5b,gpqa,1.5B,0.206845238095238,0.2269345238095238,10,2.0,2.0,2.0,10,0.1015666435110495,0.366313017779389,0.5325481653238135,No late-boundary replication,True
deepseek_r1_distill_7b,gpqa,7B,0.2135416666666666,0.2142857142857142,5,2.0,2.0,2.0,10,0.1059226972154193,0.4182951610964694,0.5502377193220231,No late-boundary replication,True
qwen2p5_0p5b,gpqa,0.5B,0.2034277198211624,0.2034277198211624,1,2.0,2.0,2.0,10,0.0271365559923598,0.1342203170926609,0.5451923427529626,No late-boundary replication,True
qwen2p5_3b,gpqa,3B,0.1690245718540581,0.2278481012658227,10,2.0,2.0,2.0,10,0.0344846395646138,0.105281596923121,0.5728548756380601,No late-boundary replication,True
qwen2p5_7b,gpqa,7B,0.3117559523809524,0.3296130952380952,5,2.0,2.0,2.0,10,0.0244913005466673,0.0473155832314588,0.531639328352635,No late-boundary replication,True
qwen2p5_14b,gpqa,14B,0.3325892857142857,0.3578869047619047,9,2.0,2.0,2.0,10,0.0175548374572768,0.0257319726557649,0.5373037999245793,No late-boundary replication,True
qwen2p5_32b,gpqa,32B,0.2827380952380952,0.3705357142857143,9,2.0,2.0,3.0,10,0.0275804262299892,0.0288908880897926,0.536975043846534,No late-boundary replication,True
mistral_7b_instruct_v0p3,gpqa,7B,0.2775297619047619,0.2879464285714285,4,2.0,2.0,2.0,10,0.0518331559007924,0.1308847042526407,0.5209210842502355,No late-boundary replication,True
phi_4_mini_instruct,gpqa,4B,0.2641369047619047,0.2864583333333333,7,2.0,2.0,2.0,10,0.0889111578510297,0.2255275740739794,0.5486219877797719,No late-boundary replication,True
internlm3_8b_instruct,gpqa,8B,0.3519345238095238,0.3742559523809524,3,2.0,2.0,2.0,10,0.0309997981585354,0.0491142913636409,0.5266498655308893,No late-boundary replication,True
yi_1p5_9b_chat,gpqa,9B,0.2695457930007446,0.3023082650781831,10,2.0,2.0,2.0,10,0.045188723982325,0.1023429013272466,0.5167248854047857,No late-boundary replication,True
mistral_small_24b_2409,gpqa,22B,0.1703869047619047,0.3556547619047619,10,2.0,2.0,3.0,10,0.0555854573674493,0.0792911293147967,0.6137823481999242,No late-boundary replication,True
llama_3p1_8b_instruct,gpqa,8B,0.1721311475409836,0.3256333830104322,10,2.0,2.0,3.0,10,0.1004515652542817,0.2105070751217208,0.5714616068417987,No late-boundary replication,True
