variant,estimator_family,basis,features,feature_count,q_model_kind,alpha_model_kind,beta_model_kind,drift_model_kind,closed_form,description,holdout_family,mean_train_auc,mean_test_auc,generalization_gap,q_train_auc,q_test_auc,alpha_train_auc,alpha_test_auc,beta_train_auc,beta_test_auc,drift_train_auc,drift_test_auc,mean_brier,mean_ece,boundary_within_one,mean_oracle_gap,mean_stop_utility
hazard_linear_top4,hazard,linear,"entropy_mean, answer_changed, thought_token_count, hidden_l2_shift",4,logistic,logistic,logistic,,True,Hazard composition with linear logistic heads over the current top-4 observables.,DeepSeek 1.5B,0.7421905775112402,0.5718347854773259,0.17035579203391427,0.6790458772643855,0.6318583908803435,0.7308836507898115,0.5111926145612156,0.8166422044795238,0.5724533509904188,,,0.2047860240433048,0.19697945167740086,0.52,0.4317222222222222,0.18455555555555556
hazard_linear_top4,hazard,linear,"entropy_mean, answer_changed, thought_token_count, hidden_l2_shift",4,logistic,logistic,logistic,,True,Hazard composition with linear logistic heads over the current top-4 observables.,Mistral 7B,0.6562563909112439,0.6993623320055221,-0.04310594109427823,0.6783040287515003,0.6449740424912612,0.627247560075416,0.6992070255840074,0.6632175839068151,0.7539059279412977,,,0.23379027256068155,0.3254580924456814,0.3333333333333333,0.2808333333333333,0.15761111111111112
hazard_linear_top4,hazard,linear,"entropy_mean, answer_changed, thought_token_count, hidden_l2_shift",4,logistic,logistic,logistic,,True,Hazard composition with linear logistic heads over the current top-4 observables.,Qwen 0.5B,0.6594789136420935,0.5611891688664147,0.09828974477567887,0.6869456434172362,0.5285519791011644,0.6014624868878413,0.5950791205028493,0.6900286106212032,0.5599364069952306,,,0.22995787322190506,0.45585610428705836,0.7266666666666667,0.08538888888888892,0.0029999999999999897
hazard_linear_top4,hazard,linear,"entropy_mean, answer_changed, thought_token_count, hidden_l2_shift",4,logistic,logistic,logistic,,True,Hazard composition with linear logistic heads over the current top-4 observables.,Qwen 7B,0.6248386702074639,0.7120921756845003,-0.08725350547703647,0.6472253442636813,0.7448729943910428,0.6044500398691263,0.583185170169598,0.6228406264895842,0.80821836249286,,,0.23981629419638031,0.27548629564372257,0.4111111111111111,0.48183333333333334,0.2787777777777778
hazard_quadratic_top4,hazard,quadratic,"entropy_mean, answer_changed, thought_token_count, hidden_l2_shift",4,logistic,logistic,logistic,,True,Hazard composition with quadratic logistic heads over the current top-4 observables.,DeepSeek 1.5B,0.7810076073080174,0.5783944187495065,0.20261318855851096,0.7134845933194676,0.6368731036944494,0.761381297076378,0.5206729577969481,0.8681569315282067,0.577637194757122,,,0.1896740052583145,0.20601949134249142,0.38555555555555554,0.43833333333333335,0.17794444444444443
hazard_quadratic_top4,hazard,quadratic,"entropy_mean, answer_changed, thought_token_count, hidden_l2_shift",4,logistic,logistic,logistic,,True,Hazard composition with quadratic logistic heads over the current top-4 observables.,Mistral 7B,0.6952829909494628,0.7165947295900112,-0.021311738640548472,0.6982537859271785,0.6506411650433465,0.6505137344829792,0.7089033248486012,0.7370814524382308,0.7902396988780863,,,0.22305795327382147,0.3115048493189122,0.27666666666666667,0.28833333333333333,0.15011111111111108
hazard_quadratic_top4,hazard,quadratic,"entropy_mean, answer_changed, thought_token_count, hidden_l2_shift",4,logistic,logistic,logistic,,True,Hazard composition with quadratic logistic heads over the current top-4 observables.,Qwen 0.5B,0.6886143518307097,0.5911882208283891,0.09742613100232067,0.6974658365768774,0.5291178344889872,0.6076603856799001,0.6457186880915694,0.7607168332353518,0.5987281399046105,,,0.2214119131405623,0.43019062565912164,0.5366666666666666,0.10155555555555557,-0.01316666666666668
hazard_quadratic_top4,hazard,quadratic,"entropy_mean, answer_changed, thought_token_count, hidden_l2_shift",4,logistic,logistic,logistic,,True,Hazard composition with quadratic logistic heads over the current top-4 observables.,Qwen 7B,0.6957731459095386,0.7052607133879497,-0.009487567478411063,0.6638089836227822,0.7574901840096162,0.6883761231223313,0.5528353116203976,0.7351343309835023,0.8054566445338355,,,0.2285690720827481,0.2551668651364419,0.39555555555555555,0.4866666666666667,0.27394444444444443
hazard_cubic_top4,hazard,cubic,"entropy_mean, answer_changed, thought_token_count, hidden_l2_shift",4,logistic,logistic,logistic,,True,Hazard composition with cubic logistic heads over the current top-4 observables.,DeepSeek 1.5B,0.8352360040107416,0.5110292020729578,0.32420680193778384,0.778674613312091,0.6377519369202396,0.8324286812736208,0.4691683471392575,0.8946047174465129,0.42616732215937647,,,0.16607350063268653,0.35227561623847664,0.6766666666666666,0.4003333333333333,0.21594444444444447
hazard_cubic_top4,hazard,cubic,"entropy_mean, answer_changed, thought_token_count, hidden_l2_shift",4,logistic,logistic,logistic,,True,Hazard composition with cubic logistic heads over the current top-4 observables.,Mistral 7B,0.7809111577610534,0.7079962259382256,0.07291493182282771,0.7287372159524886,0.6195081061653027,0.7600079852900208,0.6577646587388039,0.8539882720406504,0.8467159129105705,,,0.19144584655196958,0.2619128389254701,0.1322222222222222,0.33916666666666667,0.09927777777777777
hazard_cubic_top4,hazard,cubic,"entropy_mean, answer_changed, thought_token_count, hidden_l2_shift",4,logistic,logistic,logistic,,True,Hazard composition with cubic logistic heads over the current top-4 observables.,Qwen 0.5B,0.7402545474864392,0.5006634087392537,0.2395911387471854,0.7248849186376994,0.5063841891361506,0.6309590295241463,0.49025362584684623,0.8649196942974722,0.5053524112347642,,,0.2001155769848609,0.35944945185384847,0.4822222222222222,0.10550000000000002,-0.01711111111111112
hazard_cubic_top4,hazard,cubic,"entropy_mean, answer_changed, thought_token_count, hidden_l2_shift",4,logistic,logistic,logistic,,True,Hazard composition with cubic logistic heads over the current top-4 observables.,Qwen 7B,0.7498838537417666,0.7247633795654993,0.025120474176267282,0.681840417901286,0.7689488029726086,0.7783758070758546,0.5768975749760676,0.7894353362481591,0.8284437607478218,,,0.20135860376408035,0.18362912755459593,0.44666666666666666,0.5687222222222222,0.1918888888888889
hazard_quadratic_drop_entropy_mean,hazard,quadratic,"answer_changed, thought_token_count, hidden_l2_shift",3,logistic,logistic,logistic,,True,Quadratic hazard equation after ablating entropy_mean.,DeepSeek 1.5B,0.7478449176801499,0.5680799564789186,0.1797649612012313,0.7086300415881983,0.6035565501387383,0.7332018996202673,0.5242335901375001,0.8017028118319843,0.5764497291605173,,,0.2043746628113542,0.2011149221021612,0.37555555555555553,0.44733333333333336,0.16894444444444445
hazard_quadratic_drop_entropy_mean,hazard,quadratic,"answer_changed, thought_token_count, hidden_l2_shift",3,logistic,logistic,logistic,,True,Quadratic hazard equation after ablating entropy_mean.,Mistral 7B,0.6576492098141861,0.7108464808235463,-0.053197271009360225,0.6684923297714407,0.6478926790122955,0.6198635168545812,0.6974647394472319,0.6845917828165362,0.7871820240111113,,,0.23310327789547758,0.3219419650372827,0.3388888888888889,0.2584444444444445,0.18
hazard_quadratic_drop_entropy_mean,hazard,quadratic,"answer_changed, thought_token_count, hidden_l2_shift",3,logistic,logistic,logistic,,True,Quadratic hazard equation after ablating entropy_mean.,Qwen 0.5B,0.6620873327414126,0.5472096136498433,0.1148777190915693,0.6698820944325695,0.49906529198019844,0.6019598371641945,0.5821501944383302,0.714420066627474,0.5604133545310015,,,0.2302563072841771,0.4382848598472185,0.5255555555555556,0.09733333333333336,-0.008944444444444453
hazard_quadratic_drop_entropy_mean,hazard,quadratic,"answer_changed, thought_token_count, hidden_l2_shift",3,logistic,logistic,logistic,,True,Quadratic hazard equation after ablating entropy_mean.,Qwen 7B,0.6928947405670186,0.6548543176191218,0.03804042294789678,0.6578366432755518,0.6859187804838056,0.686337349884272,0.5225242984611868,0.7345102285412317,0.7561198739123733,,,0.23162624191281456,0.2524272732846002,0.41555555555555557,0.48766666666666664,0.27294444444444443
hazard_quadratic_drop_answer_changed,hazard,quadratic,"entropy_mean, thought_token_count, hidden_l2_shift",3,logistic,logistic,logistic,,True,Quadratic hazard equation after ablating answer_changed.,DeepSeek 1.5B,0.74584855178345,0.5189053187692043,0.22694323301424568,0.6619109031904742,0.537298852415754,0.7411720981039234,0.5042381264604863,0.8344626540559525,0.5151789774313726,,,0.1998188554259239,0.20277212946202303,0.4311111111111111,0.46622222222222226,0.15005555555555558
hazard_quadratic_drop_answer_changed,hazard,quadratic,"entropy_mean, thought_token_count, hidden_l2_shift",3,logistic,logistic,logistic,,True,Quadratic hazard equation after ablating answer_changed.,Mistral 7B,0.6477657490118708,0.6658008752715913,-0.01803512625972048,0.6392313311757125,0.6143767067324868,0.6123557044236683,0.6633894153436316,0.6917102114362313,0.7196365037386556,,,0.2318295969868522,0.3204572581437459,0.26555555555555554,0.2991111111111111,0.13933333333333334
hazard_quadratic_drop_answer_changed,hazard,quadratic,"entropy_mean, thought_token_count, hidden_l2_shift",3,logistic,logistic,logistic,,True,Quadratic hazard equation after ablating answer_changed.,Qwen 0.5B,0.652593588403597,0.5778198955637612,0.07477369283983581,0.6576545900212597,0.532503682195897,0.5932939588462042,0.5818781030645438,0.7068322163433274,0.6190779014308426,,,0.22988235357279949,0.4525699692780225,0.47333333333333333,0.10505555555555557,-0.016666666666666677
hazard_quadratic_drop_answer_changed,hazard,quadratic,"entropy_mean, thought_token_count, hidden_l2_shift",3,logistic,logistic,logistic,,True,Quadratic hazard equation after ablating answer_changed.,Qwen 7B,0.5880749916080209,0.7369094804306151,-0.1488344888225942,0.5707562546171339,0.7727581009511388,0.5842294722441851,0.5864772053465545,0.6092392479627439,0.851493134994152,,,0.2439668905097637,0.2729187641444115,0.4122222222222222,0.5102777777777778,0.25033333333333335
hazard_quadratic_drop_thought_token_count,hazard,quadratic,"entropy_mean, answer_changed, hidden_l2_shift",3,logistic,logistic,logistic,,True,Quadratic hazard equation after ablating thought_token_count.,DeepSeek 1.5B,0.7653426254436334,0.5844223421313733,0.18092028331226007,0.7074977470896505,0.6455237502497899,0.7256833193743606,0.5256813061560571,0.8628468098668892,0.582061969988273,,,0.19629214001048453,0.22411096484543894,0.3655555555555556,0.45605555555555555,0.1602222222222222
hazard_quadratic_drop_thought_token_count,hazard,quadratic,"entropy_mean, answer_changed, hidden_l2_shift",3,logistic,logistic,logistic,,True,Quadratic hazard equation after ablating thought_token_count.,Mistral 7B,0.6858184714173928,0.7064641499710884,-0.02064567855369559,0.6848001492088716,0.6365130285807418,0.6424407093260431,0.7074508553400195,0.7302145557172635,0.7754285659925038,,,0.22717565223978134,0.31529586058237385,0.28,0.29877777777777775,0.13966666666666666
hazard_quadratic_drop_thought_token_count,hazard,quadratic,"entropy_mean, answer_changed, hidden_l2_shift",3,logistic,logistic,logistic,,True,Quadratic hazard equation after ablating thought_token_count.,Qwen 0.5B,0.6779545943502517,0.6114332314509965,0.06652136289925525,0.6834113373196955,0.533358120455284,0.5978458221762877,0.7310422628219237,0.7526066235547717,0.5698993110757817,,,0.22486509316381867,0.42791972546595575,0.6111111111111112,0.09488888888888891,-0.006500000000000013
hazard_quadratic_drop_thought_token_count,hazard,quadratic,"entropy_mean, answer_changed, hidden_l2_shift",3,logistic,logistic,logistic,,True,Quadratic hazard equation after ablating thought_token_count.,Qwen 7B,0.6963505773887505,0.6938728547435962,0.0024777226451543344,0.6620267546590918,0.7401217144968903,0.6877131482483388,0.541817508822815,0.739311829258821,0.7996793409110831,,,0.22936935945540435,0.25926089124686297,0.39444444444444443,0.4770555555555555,0.2835555555555556
hazard_quadratic_drop_hidden_l2_shift,hazard,quadratic,"entropy_mean, answer_changed, thought_token_count",3,logistic,logistic,logistic,,True,Quadratic hazard equation after ablating hidden_l2_shift.,DeepSeek 1.5B,0.7411047449510905,0.5542629996188704,0.1868417453322201,0.6939510374862706,0.6395366645768217,0.7543947140023028,0.520423078829095,0.7749684833646978,0.5028292554506945,,,0.21034796776312206,0.202821361681596,0.39444444444444443,0.4361666666666667,0.1801111111111111
hazard_quadratic_drop_hidden_l2_shift,hazard,quadratic,"entropy_mean, answer_changed, thought_token_count",3,logistic,logistic,logistic,,True,Quadratic hazard equation after ablating hidden_l2_shift.,Mistral 7B,0.6698289109187495,0.6746893753671394,-0.004860464448389834,0.6782952950418282,0.648308615708666,0.6469817685690545,0.6813470405969038,0.684209669145366,0.6944124697958485,,,0.22961014337775243,0.3143249136816128,0.29333333333333333,0.29327777777777775,0.14516666666666664
hazard_quadratic_drop_hidden_l2_shift,hazard,quadratic,"entropy_mean, answer_changed, thought_token_count",3,logistic,logistic,logistic,,True,Quadratic hazard equation after ablating hidden_l2_shift.,Qwen 0.5B,0.6580750186622905,0.609546937337708,0.04852808132458242,0.6864449349954062,0.5385563259914496,0.5998081045305597,0.6353945019199256,0.6879720164609053,0.6546899841017488,,,0.23068030106192214,0.440415333598496,0.6644444444444444,0.09044444444444447,-0.002055555555555569
hazard_quadratic_drop_hidden_l2_shift,hazard,quadratic,"entropy_mean, answer_changed, thought_token_count",3,logistic,logistic,logistic,,True,Quadratic hazard equation after ablating hidden_l2_shift.,Qwen 7B,0.6672134502856858,0.7100022899795628,-0.042788839693877034,0.6600733791548081,0.7551145188367374,0.6326562698444665,0.6049097893954765,0.7089107018577827,0.7699825617064746,,,0.2343158636630557,0.26458253805542137,0.3788888888888889,0.46211111111111114,0.2985
hazard_quadratic_combo_entropymean_entropystd_confidence_hiddenl2shift,hazard,quadratic,"entropy_mean, entropy_std, confidence, hidden_l2_shift",4,logistic,logistic,logistic,,True,Quadratic hazard equation over a 4-of-6 observable subset.,DeepSeek 1.5B,0.7978741007704765,0.5016372817305718,0.29623681903990473,0.7185491348946388,0.5117909361743023,0.804868212859617,0.4892517735498061,0.8702049545571735,0.5038691354676069,,,0.18030829705277981,0.172268970755171,0.16777777777777778,0.5861666666666666,0.03011111111111111
hazard_quadratic_combo_entropymean_entropystd_confidence_hiddenl2shift,hazard,quadratic,"entropy_mean, entropy_std, confidence, hidden_l2_shift",4,logistic,logistic,logistic,,True,Quadratic hazard equation over a 4-of-6 observable subset.,Mistral 7B,0.747992665194474,0.5290682542282944,0.21892441096617965,0.6927980422414026,0.5551439336929276,0.7350281730752426,0.617293615003866,0.8161517802667769,0.4147672139880896,,,0.20420974189985164,0.2965307227711385,0.3522222222222222,0.25055555555555553,0.18788888888888888
hazard_quadratic_combo_entropymean_entropystd_confidence_hiddenl2shift,hazard,quadratic,"entropy_mean, entropy_std, confidence, hidden_l2_shift",4,logistic,logistic,logistic,,True,Quadratic hazard equation over a 4-of-6 observable subset.,Qwen 0.5B,0.7026813545846428,0.6103620628779852,0.09231929170665754,0.6961965536842072,0.5393472912121071,0.6482957561994487,0.7109227871939736,0.7635517538702725,0.5808161102278749,,,0.2205290926238942,0.43312567355816123,0.6655555555555556,0.10505555555555557,-0.016666666666666677
hazard_quadratic_combo_entropymean_entropystd_confidence_hiddenl2shift,hazard,quadratic,"entropy_mean, entropy_std, confidence, hidden_l2_shift",4,logistic,logistic,logistic,,True,Quadratic hazard equation over a 4-of-6 observable subset.,Qwen 7B,0.6121996543546179,0.700818682176083,-0.08861902782146514,0.5705040725843407,0.742739143760587,0.651037888425124,0.5068861267484891,0.6150570020543887,0.8528307760191731,,,0.24079775650965282,0.2779409774818021,0.3422222222222222,0.39555555555555555,0.3650555555555556
hazard_quadratic_combo_entropymean_entropystd_confidence_answerchanged,hazard,quadratic,"entropy_mean, entropy_std, confidence, answer_changed",4,logistic,logistic,logistic,,True,Quadratic hazard equation over a 4-of-6 observable subset.,DeepSeek 1.5B,0.7811948787729673,0.5456393257128634,0.2355555530601039,0.7209158579902915,0.6344372901574401,0.8082169038754571,0.5242762849420761,0.8144518744531535,0.4782044020390742,,,0.19130373142031842,0.18576354801954217,0.3711111111111111,0.4521111111111111,0.16416666666666666
hazard_quadratic_combo_entropymean_entropystd_confidence_answerchanged,hazard,quadratic,"entropy_mean, entropy_std, confidence, answer_changed",4,logistic,logistic,logistic,,True,Quadratic hazard equation over a 4-of-6 observable subset.,Mistral 7B,0.7585098361890915,0.5860933677004805,0.17241646848861103,0.7302656567341781,0.5848022753326478,0.725645788048483,0.670088779270915,0.8196180637846134,0.5033890484978787,,,0.2019560739374163,0.2916929554457612,0.32222222222222224,0.2647777777777778,0.1736666666666667
hazard_quadratic_combo_entropymean_entropystd_confidence_answerchanged,hazard,quadratic,"entropy_mean, entropy_std, confidence, answer_changed",4,logistic,logistic,logistic,,True,Quadratic hazard equation over a 4-of-6 observable subset.,Qwen 0.5B,0.6997504553070236,0.6196336778069492,0.0801167775000744,0.7226515811690779,0.5294081054732835,0.6419932787751162,0.715820431922127,0.7346065059768765,0.6136724960254372,,,0.22145052193360726,0.42983697255094916,0.7111111111111111,0.09461111111111113,-0.006222222222222236
hazard_quadratic_combo_entropymean_entropystd_confidence_answerchanged,hazard,quadratic,"entropy_mean, entropy_std, confidence, answer_changed",4,logistic,logistic,logistic,,True,Quadratic hazard equation over a 4-of-6 observable subset.,Qwen 7B,0.6778600285982358,0.6744811491685794,0.003378879429656423,0.6614620762114051,0.7463811946687788,0.6593877855498473,0.5571315224535285,0.7127302240334551,0.7199307303834308,,,0.23210709812833266,0.28322312249427994,0.3655555555555556,0.44122222222222224,0.3193888888888889
hazard_quadratic_combo_entropymean_entropystd_confidence_thoughttokencount,hazard,quadratic,"entropy_mean, entropy_std, confidence, thought_token_count",4,logistic,logistic,logistic,,True,Quadratic hazard equation over a 4-of-6 observable subset.,DeepSeek 1.5B,0.7950070454325043,0.5099417974876653,0.285065247944839,0.7125685001023854,0.5227874871672837,0.8307235960263895,0.49170176916596464,0.8417290401687382,0.5153361361297477,,,0.1826002272428556,0.1684559677179609,0.61,0.425,0.1912777777777778
hazard_quadratic_combo_entropymean_entropystd_confidence_thoughttokencount,hazard,quadratic,"entropy_mean, entropy_std, confidence, thought_token_count",4,logistic,logistic,logistic,,True,Quadratic hazard equation over a 4-of-6 observable subset.,Mistral 7B,0.7454756679012507,0.5803786122526308,0.16509705564861998,0.6933684718519415,0.5365863283125397,0.73825043743973,0.6633894153436317,0.8048080944120808,0.5411600931017205,,,0.20423313143993063,0.30184374739621994,0.34555555555555556,0.25227777777777777,0.18616666666666667
hazard_quadratic_combo_entropymean_entropystd_confidence_thoughttokencount,hazard,quadratic,"entropy_mean, entropy_std, confidence, thought_token_count",4,logistic,logistic,logistic,,True,Quadratic hazard equation over a 4-of-6 observable subset.,Qwen 0.5B,0.7110123423681548,0.6014603042156712,0.1095520381524836,0.7012487160696806,0.5401103181670472,0.6761673037841465,0.6483723432875975,0.7556210072506369,0.6158982511923689,,,0.2169184957358917,0.43976118637312345,0.7277777777777777,0.09705555555555558,-0.00866666666666668
hazard_quadratic_combo_entropymean_entropystd_confidence_thoughttokencount,hazard,quadratic,"entropy_mean, entropy_std, confidence, thought_token_count",4,logistic,logistic,logistic,,True,Quadratic hazard equation over a 4-of-6 observable subset.,Qwen 7B,0.634311517473339,0.7685267988101415,-0.1342152813368025,0.5876683259882423,0.7954185402080372,0.6676156004447467,0.6328579312463387,0.647650625987028,0.8773039249760488,,,0.23856898967927387,0.30925730830881826,0.3611111111111111,0.23055555555555557,0.5300555555555555
hazard_quadratic_combo_entropymean_entropystd_hiddenl2shift_answerchanged,hazard,quadratic,"entropy_mean, entropy_std, hidden_l2_shift, answer_changed",4,logistic,logistic,logistic,,True,Quadratic hazard equation over a 4-of-6 observable subset.,DeepSeek 1.5B,0.770731839225823,0.5770126421524191,0.1937191970734039,0.7101994457298589,0.6317138102146134,0.7331817064520829,0.5207694976117594,0.8688143654955269,0.5785546186308845,,,0.1933067569644111,0.21959383137155322,0.37222222222222223,0.45666666666666667,0.15961111111111112
hazard_quadratic_combo_entropymean_entropystd_hiddenl2shift_answerchanged,hazard,quadratic,"entropy_mean, entropy_std, hidden_l2_shift, answer_changed",4,logistic,logistic,logistic,,True,Quadratic hazard equation over a 4-of-6 observable subset.,Mistral 7B,0.6942912732242803,0.7089431871948975,-0.014651913970617159,0.6923486240968169,0.6379053889193317,0.6459709866867501,0.7167300669936392,0.7445542088892739,0.7721941056717213,,,0.22398027472686063,0.3121993807460565,0.2866666666666667,0.2943888888888889,0.14405555555555558
hazard_quadratic_combo_entropymean_entropystd_hiddenl2shift_answerchanged,hazard,quadratic,"entropy_mean, entropy_std, hidden_l2_shift, answer_changed",4,logistic,logistic,logistic,,True,Quadratic hazard equation over a 4-of-6 observable subset.,Qwen 0.5B,0.6860151019815599,0.6112377582196008,0.0747773437619591,0.6872561125030202,0.5366304425809555,0.6048460619503799,0.7175385819453616,0.7659431314912797,0.5795442501324855,,,0.22209483708965838,0.4314404820114311,0.6266666666666667,0.09461111111111112,-0.006222222222222234
hazard_quadratic_combo_entropymean_entropystd_hiddenl2shift_answerchanged,hazard,quadratic,"entropy_mean, entropy_std, hidden_l2_shift, answer_changed",4,logistic,logistic,logistic,,True,Quadratic hazard equation over a 4-of-6 observable subset.,Qwen 7B,0.6950104480815954,0.6865157799321916,0.008494668149403806,0.6638507199022814,0.7200980274683764,0.6862508375329295,0.5296370233179499,0.7349297868095753,0.8098122890102483,,,0.2282504322276259,0.2526233542365785,0.3977777777777778,0.47583333333333333,0.2847777777777778
hazard_quadratic_combo_entropymean_entropystd_hiddenl2shift_thoughttokencount,hazard,quadratic,"entropy_mean, entropy_std, hidden_l2_shift, thought_token_count",4,logistic,logistic,logistic,,True,Quadratic hazard equation over a 4-of-6 observable subset.,DeepSeek 1.5B,0.7582714300455363,0.5087800387480333,0.24949139129750297,0.6726353079458363,0.518281628736742,0.7546639749942204,0.50114589805853,0.8475150071965523,0.5069125894488278,,,0.19559259220106973,0.2021893073588218,0.44555555555555554,0.4553888888888889,0.16088888888888891
hazard_quadratic_combo_entropymean_entropystd_hiddenl2shift_thoughttokencount,hazard,quadratic,"entropy_mean, entropy_std, hidden_l2_shift, thought_token_count",4,logistic,logistic,logistic,,True,Quadratic hazard equation over a 4-of-6 observable subset.,Mistral 7B,0.6665160742661622,0.6695092682638281,-0.002993193997665844,0.6432642895727025,0.615152809239554,0.6338993804715652,0.6552751141488083,0.7223845527542189,0.7380998814031215,,,0.22776866325182277,0.31978149917190146,0.2644444444444444,0.29494444444444445,0.14349999999999996
hazard_quadratic_combo_entropymean_entropystd_hiddenl2shift_thoughttokencount,hazard,quadratic,"entropy_mean, entropy_std, hidden_l2_shift, thought_token_count",4,logistic,logistic,logistic,,True,Quadratic hazard equation over a 4-of-6 observable subset.,Qwen 0.5B,0.6675278024545354,0.5902395601335354,0.07728824232099996,0.6634568970333669,0.5332407122147617,0.6031621364325321,0.606635360872649,0.7359643738977072,0.6308426073131955,,,0.22666026386064986,0.44849540199663895,0.46444444444444444,0.10605555555555557,-0.017666666666666674
hazard_quadratic_combo_entropymean_entropystd_hiddenl2shift_thoughttokencount,hazard,quadratic,"entropy_mean, entropy_std, hidden_l2_shift, thought_token_count",4,logistic,logistic,logistic,,True,Quadratic hazard equation over a 4-of-6 observable subset.,Qwen 7B,0.6054805686212467,0.7157754564753548,-0.11029488785410813,0.5809193186357609,0.7367556338676579,0.6080694752194755,0.5452892597408164,0.6274529120085037,0.8652814758175901,,,0.24141360521947852,0.2531160551560754,0.4266666666666667,0.5271111111111111,0.2335
hazard_quadratic_combo_entropymean_entropystd_answerchanged_thoughttokencount,hazard,quadratic,"entropy_mean, entropy_std, answer_changed, thought_token_count",4,logistic,logistic,logistic,,True,Quadratic hazard equation over a 4-of-6 observable subset.,DeepSeek 1.5B,0.7556826358193253,0.5472424102018949,0.20844022561743036,0.7000207728537139,0.6287684100855616,0.7656155344524136,0.5147481959539049,0.8014116001518482,0.49821062456621806,,,0.20478732238586708,0.20829130286713063,0.39111111111111113,0.44122222222222224,0.17505555555555558
hazard_quadratic_combo_entropymean_entropystd_answerchanged_thoughttokencount,hazard,quadratic,"entropy_mean, entropy_std, answer_changed, thought_token_count",4,logistic,logistic,logistic,,True,Quadratic hazard equation over a 4-of-6 observable subset.,Mistral 7B,0.684054575061674,0.6731210634273709,0.010933511634303117,0.6834767874472598,0.6479287642987948,0.6572986894668469,0.6718959707869354,0.7113882482709153,0.6995384551963825,,,0.2255150146079098,0.31260963273107295,0.29777777777777775,0.29205555555555557,0.1463888888888889
hazard_quadratic_combo_entropymean_entropystd_answerchanged_thoughttokencount,hazard,quadratic,"entropy_mean, entropy_std, answer_changed, thought_token_count",4,logistic,logistic,logistic,,True,Quadratic hazard equation over a 4-of-6 observable subset.,Qwen 0.5B,0.6704188407719759,0.6195597474042345,0.050859093367741415,0.689837345236952,0.5375734223531448,0.6062942309688449,0.6692775209724363,0.7151249461101312,0.6518282988871225,,,0.22720709119880653,0.4411143006327916,0.6611111111111111,0.09083333333333335,-0.0024444444444444565
hazard_quadratic_combo_entropymean_entropystd_answerchanged_thoughttokencount,hazard,quadratic,"entropy_mean, entropy_std, answer_changed, thought_token_count",4,logistic,logistic,logistic,,True,Quadratic hazard equation over a 4-of-6 observable subset.,Qwen 7B,0.6696325284396397,0.6950856239820605,-0.02545309554242081,0.6625703454296062,0.7313037577616641,0.6413822583696744,0.5740080584091786,0.7049449815196386,0.7799450557753391,,,0.2327583493511476,0.2577661101834862,0.38222222222222224,0.4747222222222222,0.28588888888888886
hazard_quadratic_combo_entropymean_confidence_hiddenl2shift_answerchanged,hazard,quadratic,"entropy_mean, confidence, hidden_l2_shift, answer_changed",4,logistic,logistic,logistic,,True,Quadratic hazard equation over a 4-of-6 observable subset.,DeepSeek 1.5B,0.8148767727283982,0.5803719447700288,0.23450482795836936,0.7447112551070547,0.6356952548314319,0.816884554138784,0.5260989147133158,0.883034508939356,0.579321664765339,,,0.1749032326756347,0.18608421918691975,0.39,0.4449444444444445,0.1713333333333333
hazard_quadratic_combo_entropymean_confidence_hiddenl2shift_answerchanged,hazard,quadratic,"entropy_mean, confidence, hidden_l2_shift, answer_changed",4,logistic,logistic,logistic,,True,Quadratic hazard equation over a 4-of-6 observable subset.,Mistral 7B,0.7636247907598969,0.5895477909219485,0.17407699983794833,0.7387391434470225,0.591112540449575,0.7234058612780767,0.693076853612972,0.8287293675545916,0.4844539787032985,,,0.20093499044608387,0.28470671290190797,0.31666666666666665,0.2651666666666667,0.17327777777777775
hazard_quadratic_combo_entropymean_confidence_hiddenl2shift_answerchanged,hazard,quadratic,"entropy_mean, confidence, hidden_l2_shift, answer_changed",4,logistic,logistic,logistic,,True,Quadratic hazard equation over a 4-of-6 observable subset.,Qwen 0.5B,0.7151389789047399,0.6043125938858326,0.11082638501890729,0.727800479901058,0.5398360842537064,0.6424124591647196,0.6810508229999755,0.7752039976484421,0.5920508744038155,,,0.21594898958253825,0.4151216799068808,0.64,0.1107777777777778,-0.022388888888888903
hazard_quadratic_combo_entropymean_confidence_hiddenl2shift_answerchanged,hazard,quadratic,"entropy_mean, confidence, hidden_l2_shift, answer_changed",4,logistic,logistic,logistic,,True,Quadratic hazard equation over a 4-of-6 observable subset.,Qwen 7B,0.6959295662594354,0.700362818825111,-0.004433252565675616,0.6634874640184207,0.756725589936923,0.6862629285569712,0.5316105477289288,0.7380383062029139,0.8127523188094814,,,0.22828142268973087,0.26909095675523814,0.38222222222222224,0.4513888888888889,0.30922222222222223
hazard_quadratic_combo_entropymean_confidence_hiddenl2shift_thoughttokencount,hazard,quadratic,"entropy_mean, confidence, hidden_l2_shift, thought_token_count",4,logistic,logistic,logistic,,True,Quadratic hazard equation over a 4-of-6 observable subset.,DeepSeek 1.5B,0.8125999887947576,0.5120798342494916,0.30052015454526604,0.7252108714672981,0.5280635678993701,0.8303626501761417,0.5024001532438521,0.8822264447408328,0.5057757816052525,,,0.1709228017438047,0.1630177474865713,0.41333333333333333,0.46377777777777773,0.1525
hazard_quadratic_combo_entropymean_confidence_hiddenl2shift_thoughttokencount,hazard,quadratic,"entropy_mean, confidence, hidden_l2_shift, thought_token_count",4,logistic,logistic,logistic,,True,Quadratic hazard equation over a 4-of-6 observable subset.,Mistral 7B,0.7494549450967911,0.5491302250581918,0.20032472003859936,0.6978362250283485,0.5449632527516226,0.7340295069974689,0.6583970628904906,0.816499103264556,0.44403035953246195,,,0.20316758859062714,0.2999278514481719,0.35333333333333333,0.2487777777777778,0.18966666666666665
hazard_quadratic_combo_entropymean_confidence_hiddenl2shift_thoughttokencount,hazard,quadratic,"entropy_mean, confidence, hidden_l2_shift, thought_token_count",4,logistic,logistic,logistic,,True,Quadratic hazard equation over a 4-of-6 observable subset.,Qwen 0.5B,0.7189226234458994,0.5947977266510202,0.12412489679487926,0.7076122937612119,0.5444881009153791,0.6767943772819537,0.6154217722014332,0.7723611992945326,0.6244833068362481,,,0.21449086244629942,0.4333743482371127,0.6566666666666666,0.10800000000000001,-0.019611111111111124
hazard_quadratic_combo_entropymean_confidence_hiddenl2shift_thoughttokencount,hazard,quadratic,"entropy_mean, confidence, hidden_l2_shift, thought_token_count",4,logistic,logistic,logistic,,True,Quadratic hazard equation over a 4-of-6 observable subset.,Qwen 7B,0.6423451862278696,0.7860431872355225,-0.14369800100765284,0.5762332822857131,0.8063640663489057,0.6755956763123088,0.6343918776522025,0.6752066000855868,0.9173736177054591,,,0.23791440494144278,0.30769076371245224,0.3288888888888889,0.2292777777777778,0.5313333333333332
hazard_quadratic_combo_entropymean_confidence_answerchanged_thoughttokencount,hazard,quadratic,"entropy_mean, confidence, answer_changed, thought_token_count",4,logistic,logistic,logistic,,True,Quadratic hazard equation over a 4-of-6 observable subset.,DeepSeek 1.5B,0.7993394197194134,0.5469330219142089,0.25240639780520446,0.7268388628549189,0.6359442667313451,0.8289442629184247,0.5243799723246177,0.8422351333848968,0.48047482668666386,,,0.180927345572765,0.17518970497391775,0.42444444444444446,0.433388888888889,0.18288888888888888
hazard_quadratic_combo_entropymean_confidence_answerchanged_thoughttokencount,hazard,quadratic,"entropy_mean, confidence, answer_changed, thought_token_count",4,logistic,logistic,logistic,,True,Quadratic hazard equation over a 4-of-6 observable subset.,Mistral 7B,0.7556470942147534,0.5917541648477398,0.1638929293670136,0.729554783953456,0.5683422765896585,0.716754893862419,0.6916461132965723,0.820631604828385,0.5152741046569886,,,0.20146780539726206,0.28859536638392547,0.30444444444444446,0.2792222222222222,0.1592222222222222
hazard_quadratic_combo_entropymean_confidence_answerchanged_thoughttokencount,hazard,quadratic,"entropy_mean, confidence, answer_changed, thought_token_count",4,logistic,logistic,logistic,,True,Quadratic hazard equation over a 4-of-6 observable subset.,Qwen 0.5B,0.7170460413938686,0.6019276243933022,0.11511841700056646,0.7267417109161106,0.5422566691003625,0.6748986276491911,0.5947397705872282,0.7494977856163041,0.6687864334923159,,,0.21565950355483562,0.42813871162359735,0.7377777777777778,0.09455555555555556,-0.00616666666666668
hazard_quadratic_combo_entropymean_confidence_answerchanged_thoughttokencount,hazard,quadratic,"entropy_mean, confidence, answer_changed, thought_token_count",4,logistic,logistic,logistic,,True,Quadratic hazard equation over a 4-of-6 observable subset.,Qwen 7B,0.6751962219750842,0.7586480755866907,-0.08345185361160645,0.6658536141869803,0.7835563588572207,0.6566561907742479,0.6681703999914272,0.7030788609640246,0.8242174679114243,,,0.23153803463610165,0.29803409717385415,0.3711111111111111,0.33894444444444444,0.4216666666666667
hazard_quadratic_combo_entropymean_hiddenl2shift_answerchanged_thoughttokencount,hazard,quadratic,"entropy_mean, hidden_l2_shift, answer_changed, thought_token_count",4,logistic,logistic,logistic,,True,Quadratic hazard equation over a 4-of-6 observable subset.,DeepSeek 1.5B,0.7810076073080174,0.5783944187495065,0.20261318855851096,0.7134845933194676,0.6368731036944494,0.761381297076378,0.5206729577969481,0.8681569315282067,0.577637194757122,,,0.1896740052583145,0.20601949134249142,0.38555555555555554,0.43833333333333335,0.17794444444444443
hazard_quadratic_combo_entropymean_hiddenl2shift_answerchanged_thoughttokencount,hazard,quadratic,"entropy_mean, hidden_l2_shift, answer_changed, thought_token_count",4,logistic,logistic,logistic,,True,Quadratic hazard equation over a 4-of-6 observable subset.,Mistral 7B,0.6952829909494628,0.7165947295900112,-0.021311738640548472,0.6982537859271785,0.6506411650433465,0.6505137344829792,0.7089033248486012,0.7370814524382308,0.7902396988780863,,,0.2230579532738214,0.3115048493189121,0.27666666666666667,0.28833333333333333,0.15011111111111108
hazard_quadratic_combo_entropymean_hiddenl2shift_answerchanged_thoughttokencount,hazard,quadratic,"entropy_mean, hidden_l2_shift, answer_changed, thought_token_count",4,logistic,logistic,logistic,,True,Quadratic hazard equation over a 4-of-6 observable subset.,Qwen 0.5B,0.6886143518307097,0.5911882208283891,0.09742613100232067,0.6974658365768774,0.5291178344889872,0.6076603856799001,0.6457186880915694,0.7607168332353518,0.5987281399046105,,,0.2214119131405623,0.43019062565912164,0.5366666666666666,0.10155555555555557,-0.01316666666666668
hazard_quadratic_combo_entropymean_hiddenl2shift_answerchanged_thoughttokencount,hazard,quadratic,"entropy_mean, hidden_l2_shift, answer_changed, thought_token_count",4,logistic,logistic,logistic,,True,Quadratic hazard equation over a 4-of-6 observable subset.,Qwen 7B,0.6957731459095386,0.7052607133879497,-0.009487567478411063,0.6638089836227822,0.7574901840096162,0.6883761231223313,0.5528353116203976,0.7351343309835023,0.8054566445338355,,,0.2285690720827481,0.255166865136442,0.39555555555555555,0.4866666666666667,0.27394444444444443
hazard_quadratic_combo_entropystd_confidence_hiddenl2shift_answerchanged,hazard,quadratic,"entropy_std, confidence, hidden_l2_shift, answer_changed",4,logistic,logistic,logistic,,True,Quadratic hazard equation over a 4-of-6 observable subset.,DeepSeek 1.5B,0.8135369925461594,0.575529757559168,0.2380072349869914,0.7394848345000786,0.6293699193502871,0.8191247302187106,0.5136914995406496,0.8820014129196889,0.5835278537865674,,,0.17580567070360478,0.18236337144803338,0.3933333333333333,0.4460555555555556,0.17022222222222225
hazard_quadratic_combo_entropystd_confidence_hiddenl2shift_answerchanged,hazard,quadratic,"entropy_std, confidence, hidden_l2_shift, answer_changed",4,logistic,logistic,logistic,,True,Quadratic hazard equation over a 4-of-6 observable subset.,Mistral 7B,0.7593277054624258,0.5854778519645741,0.17384985349785165,0.7329490138506078,0.5938995313931239,0.7197247282247483,0.6922014775850683,0.8253093743119211,0.4703325469155299,,,0.2016905035733266,0.2846402265500861,0.3433333333333333,0.25072222222222224,0.1877222222222222
hazard_quadratic_combo_entropystd_confidence_hiddenl2shift_answerchanged,hazard,quadratic,"entropy_std, confidence, hidden_l2_shift, answer_changed",4,logistic,logistic,logistic,,True,Quadratic hazard equation over a 4-of-6 observable subset.,Qwen 0.5B,0.7127789633257732,0.5980177806376338,0.1147611826881394,0.7250556735845437,0.5440420171259037,0.6398069463555429,0.6434930417981265,0.7734742700372329,0.6065182829888711,,,0.21659342499816003,0.41409359500902626,0.6388888888888888,0.11194444444444446,-0.02355555555555557
hazard_quadratic_combo_entropystd_confidence_hiddenl2shift_answerchanged,hazard,quadratic,"entropy_std, confidence, hidden_l2_shift, answer_changed",4,logistic,logistic,logistic,,True,Quadratic hazard equation over a 4-of-6 observable subset.,Qwen 7B,0.6938383661288183,0.6914497616295155,0.002388604499302782,0.6594136510737789,0.7432426255519722,0.68480831390533,0.532188317092686,0.7372931334073463,0.7989183422438885,,,0.22835449380732886,0.2648834830899582,0.4,0.4636111111111111,0.29699999999999993
hazard_quadratic_combo_entropystd_confidence_hiddenl2shift_thoughttokencount,hazard,quadratic,"entropy_std, confidence, hidden_l2_shift, thought_token_count",4,logistic,logistic,logistic,,True,Quadratic hazard equation over a 4-of-6 observable subset.,DeepSeek 1.5B,0.813009222485206,0.5077259953119388,0.30528322717326717,0.7210677790031452,0.5225487872034364,0.8336613645069352,0.49162009629203246,0.8842985239455377,0.5090091024403475,,,0.17100061401764208,0.16378874845354088,0.44,0.45922222222222225,0.15705555555555556
hazard_quadratic_combo_entropystd_confidence_hiddenl2shift_thoughttokencount,hazard,quadratic,"entropy_std, confidence, hidden_l2_shift, thought_token_count",4,logistic,logistic,logistic,,True,Quadratic hazard equation over a 4-of-6 observable subset.,Mistral 7B,0.7483560502172133,0.5430686903037701,0.20528735991344316,0.6949867578726154,0.5467190050689074,0.7338784772271965,0.6447068252239235,0.8162029155518279,0.43778024061847953,,,0.20350218271671813,0.29837807308296277,0.35777777777777775,0.2468888888888889,0.19155555555555556
hazard_quadratic_combo_entropystd_confidence_hiddenl2shift_thoughttokencount,hazard,quadratic,"entropy_std, confidence, hidden_l2_shift, thought_token_count",4,logistic,logistic,logistic,,True,Quadratic hazard equation over a 4-of-6 observable subset.,Qwen 0.5B,0.7177688970568975,0.5809064427290979,0.13686245432779964,0.7048274670263825,0.54697899565733,0.6747442447204416,0.5782522562183579,0.7737349794238683,0.6174880763116057,,,0.21508412937845875,0.4322005389190915,0.6588888888888889,0.10800000000000001,-0.019611111111111124
hazard_quadratic_combo_entropystd_confidence_hiddenl2shift_thoughttokencount,hazard,quadratic,"entropy_std, confidence, hidden_l2_shift, thought_token_count",4,logistic,logistic,logistic,,True,Quadratic hazard equation over a 4-of-6 observable subset.,Qwen 7B,0.6471410495574917,0.7808461249457319,-0.13370507538824017,0.5800838156013266,0.7986214098953255,0.6836766800009111,0.6259298336167112,0.6776626530702377,0.9179871313251591,,,0.23752504263920293,0.3021815418008979,0.33,0.2228888888888889,0.5377222222222221
hazard_quadratic_combo_entropystd_confidence_answerchanged_thoughttokencount,hazard,quadratic,"entropy_std, confidence, answer_changed, thought_token_count",4,logistic,logistic,logistic,,True,Quadratic hazard equation over a 4-of-6 observable subset.,DeepSeek 1.5B,0.8005663325498676,0.5440146008047537,0.2565517317451139,0.7245328547326868,0.6306111652640298,0.8316603846601669,0.51530408612152,0.8455057582567495,0.4861285510287114,,,0.18065257005377452,0.17606921884838864,0.4311111111111111,0.4236666666666667,0.1926111111111111
hazard_quadratic_combo_entropystd_confidence_answerchanged_thoughttokencount,hazard,quadratic,"entropy_std, confidence, answer_changed, thought_token_count",4,logistic,logistic,logistic,,True,Quadratic hazard equation over a 4-of-6 observable subset.,Mistral 7B,0.7523859525532752,0.5919404654214774,0.16044548713179785,0.7251528343207277,0.5721188348228272,0.7140343212889934,0.68149180781235,0.8179707020501046,0.5222107536292547,,,0.20201363327476174,0.28901877649394053,0.3388888888888889,0.2587777777777778,0.17966666666666664
hazard_quadratic_combo_entropystd_confidence_answerchanged_thoughttokencount,hazard,quadratic,"entropy_std, confidence, answer_changed, thought_token_count",4,logistic,logistic,logistic,,True,Quadratic hazard equation over a 4-of-6 observable subset.,Qwen 0.5B,0.7171357748302348,0.5807540172342868,0.13638175759594806,0.7257627706967614,0.543554152546307,0.6742480027455398,0.5387714921613227,0.7513965510484029,0.6599364069952306,,,0.2160074009517358,0.4272331380997179,0.7188888888888889,0.09750000000000002,-0.009111111111111125
hazard_quadratic_combo_entropystd_confidence_answerchanged_thoughttokencount,hazard,quadratic,"entropy_std, confidence, answer_changed, thought_token_count",4,logistic,logistic,logistic,,True,Quadratic hazard equation over a 4-of-6 observable subset.,Qwen 7B,0.673831288432606,0.7564828139811723,-0.08265152554856636,0.6642478449723239,0.7754511571706236,0.6516687507893836,0.6649578415893926,0.7055772695361102,0.829039443183501,,,0.2315361098399494,0.29504392161239795,0.3622222222222222,0.33477777777777773,0.4258333333333333
hazard_quadratic_combo_entropystd_hiddenl2shift_answerchanged_thoughttokencount,hazard,quadratic,"entropy_std, hidden_l2_shift, answer_changed, thought_token_count",4,logistic,logistic,logistic,,True,Quadratic hazard equation over a 4-of-6 observable subset.,DeepSeek 1.5B,0.7794489240590226,0.5759949709469457,0.2034539531120768,0.7100249625367304,0.634082504641134,0.7659117665422265,0.5101336309262867,0.8624100430981105,0.5837687772734164,,,0.191044743005931,0.2051908699316448,0.39222222222222225,0.4365,0.1797777777777778
hazard_quadratic_combo_entropystd_hiddenl2shift_answerchanged_thoughttokencount,hazard,quadratic,"entropy_std, hidden_l2_shift, answer_changed, thought_token_count",4,logistic,logistic,logistic,,True,Quadratic hazard equation over a 4-of-6 observable subset.,Mistral 7B,0.6923285121331069,0.718158531405089,-0.02583001927198214,0.6908437035471818,0.6488428153597141,0.6497349458865694,0.7060559540808552,0.7364068869655692,0.7995768247746976,,,0.22408925823609716,0.31382134385615384,0.28888888888888886,0.2863888888888889,0.15205555555555553
hazard_quadratic_combo_entropystd_hiddenl2shift_answerchanged_thoughttokencount,hazard,quadratic,"entropy_std, hidden_l2_shift, answer_changed, thought_token_count",4,logistic,logistic,logistic,,True,Quadratic hazard equation over a 4-of-6 observable subset.,Qwen 0.5B,0.6854828025319724,0.5880067896106623,0.09747601292131003,0.6924389309797918,0.5406872306932657,0.6053021279976654,0.637323599188006,0.7587073486184599,0.5860095389507154,,,0.2226001367198436,0.4290866051154089,0.5422222222222223,0.1048888888888889,-0.01650000000000001
hazard_quadratic_combo_entropystd_hiddenl2shift_answerchanged_thoughttokencount,hazard,quadratic,"entropy_std, hidden_l2_shift, answer_changed, thought_token_count",4,logistic,logistic,logistic,,True,Quadratic hazard equation over a 4-of-6 observable subset.,Qwen 7B,0.6937594123969603,0.6907659855779201,0.0029934268190401347,0.6599620273572793,0.7398608796994093,0.686750300351585,0.5334594989926988,0.7345659094820168,0.7989775780416525,,,0.22851973227293856,0.2506922780515966,0.4088888888888889,0.49011111111111116,0.2705
hazard_quadratic_combo_confidence_hiddenl2shift_answerchanged_thoughttokencount,hazard,quadratic,"confidence, hidden_l2_shift, answer_changed, thought_token_count",4,logistic,logistic,logistic,,True,Quadratic hazard equation over a 4-of-6 observable subset.,DeepSeek 1.5B,0.8137856194352211,0.5608242090760948,0.25296141035912634,0.7407580901477606,0.6046529713172583,0.8320159306659977,0.5254263762403413,0.8685828374919051,0.5523932796706847,,,0.17307749362171984,0.16386998336902114,0.4077777777777778,0.43222222222222223,0.18405555555555556
hazard_quadratic_combo_confidence_hiddenl2shift_answerchanged_thoughttokencount,hazard,quadratic,"confidence, hidden_l2_shift, answer_changed, thought_token_count",4,logistic,logistic,logistic,,True,Quadratic hazard equation over a 4-of-6 observable subset.,Mistral 7B,0.7561291458295486,0.5475858575801963,0.2085432882493523,0.7297540053096475,0.5753148321759356,0.7167232117298814,0.6827179550854775,0.8219102204491171,0.3847247854791758,,,0.20314900168469574,0.2995407463058403,0.3211111111111111,0.2608888888888889,0.17755555555555555
hazard_quadratic_combo_confidence_hiddenl2shift_answerchanged_thoughttokencount,hazard,quadratic,"confidence, hidden_l2_shift, answer_changed, thought_token_count",4,logistic,logistic,logistic,,True,Quadratic hazard equation over a 4-of-6 observable subset.,Qwen 0.5B,0.7226391351698158,0.5831354541962278,0.139503680973588,0.7249551228645434,0.5248027651286553,0.6706576775106691,0.6034589233741776,0.7723046051342349,0.6211446740858506,,,0.21377898348269364,0.42036126208626373,0.7155555555555555,0.10444444444444446,-0.016055555555555573
hazard_quadratic_combo_confidence_hiddenl2shift_answerchanged_thoughttokencount,hazard,quadratic,"confidence, hidden_l2_shift, answer_changed, thought_token_count",4,logistic,logistic,logistic,,True,Quadratic hazard equation over a 4-of-6 observable subset.,Qwen 7B,0.6927990567235142,0.7285188964441108,-0.03571983972059667,0.6597871506946115,0.7587793234187521,0.6916116733426438,0.5794685146951664,0.726998346133287,0.847308851218414,,,0.22878412445503407,0.2950427316988466,0.40444444444444444,0.41938888888888887,0.34122222222222226
hazard_rf_top4,hazard,linear,"entropy_mean, answer_changed, thought_token_count, hidden_l2_shift",4,random_forest,random_forest,random_forest,,False,Random-forest hazard heads over the current top-4 observables.,DeepSeek 1.5B,0.91287255733959,0.5856648265179739,0.32720773082161614,0.8630075460092915,0.6467171585429662,0.9208119847296901,0.5213681778848536,0.9547981412797886,0.5889091431261019,,,0.11754769265867036,0.13093938019344994,0.35444444444444445,0.4595,0.1567777777777778
hazard_rf_top4,hazard,linear,"entropy_mean, answer_changed, thought_token_count, hidden_l2_shift",4,random_forest,random_forest,random_forest,,False,Random-forest hazard heads over the current top-4 observables.,Mistral 7B,0.8842653697490245,0.6823184283680103,0.2019469413810142,0.8576671141759785,0.6449071891210747,0.8651059398288761,0.5818928101771634,0.930023055242219,0.8201552858057928,,,0.14383432359910917,0.31866092823511194,0.22777777777777777,0.30911111111111117,0.12933333333333333
hazard_rf_top4,hazard,linear,"entropy_mean, answer_changed, thought_token_count, hidden_l2_shift",4,random_forest,random_forest,random_forest,,False,Random-forest hazard heads over the current top-4 observables.,Qwen 0.5B,0.840080643656861,0.5983670124215056,0.2417136312353554,0.8021096727491814,0.5387131516642681,0.7955521680783483,0.5406486169198034,0.9225800901430532,0.7157392686804451,,,0.1629674355728061,0.38088974896669686,0.3888888888888889,0.19494444444444442,-0.10655555555555556
hazard_rf_top4,hazard,linear,"entropy_mean, answer_changed, thought_token_count, hidden_l2_shift",4,random_forest,random_forest,random_forest,,False,Random-forest hazard heads over the current top-4 observables.,Qwen 7B,0.8542613079054274,0.7079752702132742,0.1462860376921532,0.7816117735027338,0.745986663118237,0.8827202897657861,0.6127900455785908,0.8984518604477623,0.7651491019429947,,,0.1622060213229737,0.08008919103555702,0.42444444444444446,0.4708888888888889,0.2897222222222222
hazard_hgb_top4,hazard,linear,"entropy_mean, answer_changed, thought_token_count, hidden_l2_shift",4,hist_gb,hist_gb,hist_gb,,False,Histogram gradient-boosted hazard heads over the current top-4 observables.,DeepSeek 1.5B,0.9115416051225026,0.5821345804208874,0.3294070247016152,0.8593515918174764,0.6436436829476273,0.9074689129269463,0.5284965901336882,0.9678043106230854,0.5742634681813468,,,0.12263429386251636,0.15883996426166389,0.34444444444444444,0.46111111111111114,0.15516666666666665
hazard_hgb_top4,hazard,linear,"entropy_mean, answer_changed, thought_token_count, hidden_l2_shift",4,hist_gb,hist_gb,hist_gb,,False,Histogram gradient-boosted hazard heads over the current top-4 observables.,Mistral 7B,0.8832916945942046,0.6853428231230613,0.19794887147114337,0.8517439858571487,0.631985908337159,0.8534869703226151,0.5796383359389551,0.9446441276028502,0.8444042250930699,,,0.14641103779582906,0.3246019167754322,0.25222222222222224,0.30677777777777776,0.13166666666666665
hazard_hgb_top4,hazard,linear,"entropy_mean, answer_changed, thought_token_count, hidden_l2_shift",4,hist_gb,hist_gb,hist_gb,,False,Histogram gradient-boosted hazard heads over the current top-4 observables.,Qwen 0.5B,0.8314813992804154,0.5939073463051859,0.2375740529752295,0.7874810594422669,0.5314633827246984,0.768662766068977,0.5457541516863551,0.9383003723300021,0.7045045045045044,,,0.16688357820941072,0.37501210234384946,0.3566666666666667,0.20144444444444445,-0.11305555555555556
hazard_hgb_top4,hazard,linear,"entropy_mean, answer_changed, thought_token_count, hidden_l2_shift",4,hist_gb,hist_gb,hist_gb,,False,Histogram gradient-boosted hazard heads over the current top-4 observables.,Qwen 7B,0.8572592678910188,0.6754647351196742,0.1817945327713446,0.7658880400717265,0.7271112798437009,0.8821492379275618,0.6261233908185573,0.923740525673768,0.6731595346967642,,,0.16389629138598671,0.08351028529317518,0.43777777777777777,0.48605555555555563,0.27455555555555555
hazard_q_svm_top4,hazard,linear,"entropy_mean, answer_changed, thought_token_count, hidden_l2_shift",4,svm,logistic,logistic,,False,Kernel SVM for q_hat with logistic repair/corruption hazard heads.,DeepSeek 1.5B,0.7742824642453551,0.575885210234515,0.19839725401084007,0.7753215374667298,0.6440096651519104,0.7308836507898115,0.5111926145612156,0.8166422044795238,0.5724533509904188,,,0.18341635071625847,0.22204774455538903,0.3388888888888889,0.4642777777777778,0.15200000000000002
hazard_q_svm_top4,hazard,linear,"entropy_mean, answer_changed, thought_token_count, hidden_l2_shift",4,svm,logistic,logistic,,False,Kernel SVM for q_hat with logistic repair/corruption hazard heads.,Mistral 7B,0.6946667939004971,0.678168877669381,0.016497916231116072,0.7935352377192606,0.581393679482838,0.627247560075416,0.6992070255840074,0.6632175839068151,0.7539059279412977,,,0.2089236911153183,0.34770817379026914,0.44555555555555554,0.26361111111111113,0.17483333333333334
hazard_q_svm_top4,hazard,linear,"entropy_mean, answer_changed, thought_token_count, hidden_l2_shift",4,svm,logistic,logistic,,False,Kernel SVM for q_hat with logistic repair/corruption hazard heads.,Qwen 0.5B,0.6764070509151962,0.5580959836368385,0.1183110672783576,0.737730055236544,0.5192724234124355,0.6014624868878413,0.5950791205028493,0.6900286106212032,0.5599364069952306,,,0.221899940771227,0.44677179358016067,0.5277777777777778,0.10350000000000002,-0.015111111111111124
hazard_q_svm_top4,hazard,linear,"entropy_mean, answer_changed, thought_token_count, hidden_l2_shift",4,svm,logistic,logistic,,False,Kernel SVM for q_hat with logistic repair/corruption hazard heads.,Qwen 7B,0.648839463958106,0.7143985035350054,-0.06555903957689946,0.7192277255156077,0.7517919779425584,0.6044500398691263,0.583185170169598,0.6228406264895842,0.80821836249286,,,0.2119216691097597,0.33495874389607017,0.024444444444444446,0.4367777777777778,0.32383333333333325
direct_drift_ridge_top4,direct_drift,quadratic,"entropy_mean, answer_changed, thought_token_count, hidden_l2_shift",4,,,,ridge,True,Direct quadratic ridge regression on delta-utility over the current top-4 observables.,DeepSeek 1.5B,0.7287303730411235,0.5524805371645551,0.1762498358765684,,,,,,,0.7287303730411235,0.5524805371645551,,,0.5233333333333333,0.40511111111111114,0.21116666666666667
direct_drift_ridge_top4,direct_drift,quadratic,"entropy_mean, answer_changed, thought_token_count, hidden_l2_shift",4,,,,ridge,True,Direct quadratic ridge regression on delta-utility over the current top-4 observables.,Mistral 7B,0.6573631635980361,0.6997181496919889,-0.04235498609395272,,,,,,,0.6573631635980361,0.6997181496919889,,,0.37333333333333335,0.25872222222222224,0.17972222222222223
direct_drift_ridge_top4,direct_drift,quadratic,"entropy_mean, answer_changed, thought_token_count, hidden_l2_shift",4,,,,ridge,True,Direct quadratic ridge regression on delta-utility over the current top-4 observables.,Qwen 0.5B,0.6444209831101513,0.5046253573116658,0.13979562579848548,,,,,,,0.6444209831101513,0.5046253573116658,,,0.8077777777777778,0.07127777777777779,0.0171111111111111
direct_drift_ridge_top4,direct_drift,quadratic,"entropy_mean, answer_changed, thought_token_count, hidden_l2_shift",4,,,,ridge,True,Direct quadratic ridge regression on delta-utility over the current top-4 observables.,Qwen 7B,0.653724764314612,0.5990250015901653,0.054699762724446765,,,,,,,0.653724764314612,0.5990250015901653,,,0.4388888888888889,0.5512222222222223,0.2093888888888889
direct_drift_hgb_top4,direct_drift,linear,"entropy_mean, answer_changed, thought_token_count, hidden_l2_shift",4,,,,hist_gb,False,Direct histogram gradient-boosted regression on delta-utility over the current top-4 observables.,DeepSeek 1.5B,0.8344064074310311,0.5367945429670191,0.297611864464012,,,,,,,0.8344064074310311,0.5367945429670191,,,0.7377777777777778,0.3909444444444445,0.2253333333333334
direct_drift_hgb_top4,direct_drift,linear,"entropy_mean, answer_changed, thought_token_count, hidden_l2_shift",4,,,,hist_gb,False,Direct histogram gradient-boosted regression on delta-utility over the current top-4 observables.,Mistral 7B,0.7481683515221016,0.5942683334885358,0.1539000180335658,,,,,,,0.7481683515221016,0.5942683334885358,,,0.21777777777777776,0.30516666666666664,0.13327777777777775
direct_drift_hgb_top4,direct_drift,linear,"entropy_mean, answer_changed, thought_token_count, hidden_l2_shift",4,,,,hist_gb,False,Direct histogram gradient-boosted regression on delta-utility over the current top-4 observables.,Qwen 0.5B,0.7254111830815864,0.6236270228904545,0.1017841601911319,,,,,,,0.7254111830815864,0.6236270228904545,,,0.44666666666666666,0.16827777777777778,-0.0798888888888889
direct_drift_hgb_top4,direct_drift,linear,"entropy_mean, answer_changed, thought_token_count, hidden_l2_shift",4,,,,hist_gb,False,Direct histogram gradient-boosted regression on delta-utility over the current top-4 observables.,Qwen 7B,0.7322900345700118,0.6879856556617917,0.04430437890822014,,,,,,,0.7322900345700118,0.6879856556617917,,,0.6222222222222222,0.6422777777777778,0.11833333333333333
hazard_quadratic_top4_kl,hazard,quadratic,"entropy_mean, answer_changed, thought_token_count, hidden_kl_divergence",4,logistic,logistic,logistic,,True,Quadratic hazard equation replacing hidden L2 drift with KL divergence.,DeepSeek 1.5B,0.752780546790277,0.5629540910919114,0.18982645569836554,0.701246967240961,0.6408579652841656,0.763890593527274,0.5216128153030379,0.7932040796025961,0.5263914926885305,,,0.20602142168337453,0.19625949177500532,0.39,0.43505555555555553,0.18122222222222223
hazard_quadratic_top4_kl,hazard,quadratic,"entropy_mean, answer_changed, thought_token_count, hidden_kl_divergence",4,logistic,logistic,logistic,,True,Quadratic hazard equation replacing hidden L2 drift with KL divergence.,Mistral 7B,0.6792671774642214,0.6524027209403513,0.02686445652387004,0.687138083309033,0.6415385320362067,0.647517788472954,0.6416342610099276,0.7031456606106767,0.6740353697749196,,,0.22761741995633164,0.3157687276204846,0.4255555555555556,0.313,0.12544444444444444
hazard_quadratic_top4_kl,hazard,quadratic,"entropy_mean, answer_changed, thought_token_count, hidden_kl_divergence",4,logistic,logistic,logistic,,True,Quadratic hazard equation replacing hidden L2 drift with KL divergence.,Qwen 0.5B,0.6675776769909255,0.6006137234770708,0.06696395351385476,0.6951278464115814,0.5433994370144039,0.6032967777416771,0.6381979602318586,0.7043084068195179,0.6202437731849496,,,0.22879027103082875,0.4390175826010594,0.6644444444444444,0.09005555555555557,-0.001666666666666678
hazard_quadratic_top4_kl,hazard,quadratic,"entropy_mean, answer_changed, thought_token_count, hidden_kl_divergence",4,logistic,logistic,logistic,,True,Quadratic hazard equation replacing hidden L2 drift with KL divergence.,Qwen 7B,0.6717352643320605,0.7068412808886491,-0.035106016556588515,0.6615532345942897,0.7571916366374509,0.6358769748656323,0.5824535819914558,0.7177755835362595,0.7808786240370406,,,0.23262686018014003,0.2567867452481515,0.3844444444444444,0.47022222222222226,0.29038888888888886
hazard_quadratic_top4_pca,hazard,quadratic,"entropy_mean, answer_changed, thought_token_count, pca_velocity_norm",4,logistic,logistic,logistic,,True,Quadratic hazard equation replacing hidden L2 drift with PCA trajectory velocity.,DeepSeek 1.5B,0.7704828905803117,0.5735644288781194,0.1969184617021923,0.7101101638684729,0.637513420008512,0.7588392640687041,0.5183626733046922,0.8424992438037584,0.5648171933211542,,,0.19657974831890104,0.20765125582688296,0.38666666666666666,0.44327777777777777,0.17300000000000001
hazard_quadratic_top4_pca,hazard,quadratic,"entropy_mean, answer_changed, thought_token_count, pca_velocity_norm",4,logistic,logistic,logistic,,True,Quadratic hazard equation replacing hidden L2 drift with PCA trajectory velocity.,Mistral 7B,0.6905010520347491,0.6982776397685807,-0.007776587733831608,0.6949245725800866,0.6488440102367505,0.6471447748817369,0.6906163753449862,0.7294338086424236,0.7553725337240054,,,0.22445360558172414,0.30984626005218724,0.2777777777777778,0.2927222222222222,0.1457222222222222
hazard_quadratic_top4_pca,hazard,quadratic,"entropy_mean, answer_changed, thought_token_count, pca_velocity_norm",4,logistic,logistic,logistic,,True,Quadratic hazard equation replacing hidden L2 drift with PCA trajectory velocity.,Qwen 0.5B,0.680389220632381,0.5904036059233894,0.08998561470899169,0.6965711176080638,0.5355704765964271,0.6035221958665828,0.6306588891334654,0.7410743484224966,0.6049814520402756,,,0.22412165441910648,0.43021876776469625,0.61,0.09405555555555556,-0.00566666666666668
hazard_quadratic_top4_pca,hazard,quadratic,"entropy_mean, answer_changed, thought_token_count, pca_velocity_norm",4,logistic,logistic,logistic,,True,Quadratic hazard equation replacing hidden L2 drift with PCA trajectory velocity.,Qwen 7B,0.6825808285142404,0.707936880062601,-0.025356051548360625,0.6621438829091639,0.7575676776747866,0.6648448026235061,0.5632204257097544,0.720753800010051,0.8030225368032617,,,0.23053278214688,0.25994200605955514,0.3877777777777778,0.47727777777777786,0.2833333333333333
